IdEmpleado;Tipo_Documento;CedulaEmpleado;NombreEmpleado;ApellidoPEmpleado;ApellidoMEmpleado;FechaNacimientoEmpleado;SexoEmpleado;RolEmpleado;DepartamentoEmpleado;CiudadEmpleado;DireccionEmpleado;CelularEmpleado;EmailEmpleado;
1;kladasd;23123;afw;kwjd;lkwjqdl;wkdadl;d;Vendedor;wkldja;dkad;wdkajd;wdkajdw;wdqwawf
2;C.C;123123;john jairo;sadadadadadadadad;dfgggggg;123;Masculino;Vendedor;ewrerwt;wertwert;ertwrtwe;2323424;werwerw
3;C.C;1231412;Admin;Admin;Admin;10/04/2006;Masculino;Administrador;----;------;-----;----;-----
4;T.E;3124123;DASD;adws;afasd;21-23;Masculino;Vendedor;das;dawd;aws;awds;awd
5;C.C;213123d;adwsa;afsda;awdsa;52-16;Masculino;RRHH;123;was;adw;adw;asdw
6;C.C;21321;1adasaf;sadaw;asd;asdwa;Masculino;Contratador;ada;afwsdawd;adws;awd;asdw
7;T.E;1231edawf;asdafw;fwads;awfs;adws;Masculino;Vendedor;aw;adsaa;w;awd;asdw
8;C.C;11111;juan;aa;aa;a;Masculino;Vendedor;a;a;a;a;a
;
